sweep,job_id,basis,rounds,shots,raw_observable_flip_rate,decoded_ler,x_ancilla_one_rate_by_round,z_ancilla_one_rate_by_round,detector_rate_by_layer
results/sweep_d3_best_iqm_rounds_sweep/20260608T203833Z,019ea8f5-df66-7b92-bf18-4080bea4abc3,memory_x,1,2000,0.1425,0.061,[0.1205],[0.506],"[0.1205, 0.134875]"
results/sweep_d3_best_iqm_rounds_sweep/20260608T203833Z,019ea8f5-df66-7b92-bf18-4080bea4abc3,memory_z,1,2000,0.1355,0.0585,[0.49725],[0.155625],"[0.155625, 0.150375]"
results/sweep_d3_best_iqm_rounds_sweep/20260608T203833Z,019ea8f5-df66-7b92-bf18-4080bea4abc3,memory_x,3,2000,0.502,0.494,"[0.111875, 0.392875, 0.42725]","[0.47125, 0.461, 0.48824999999999996]","[0.111875, 0.433375, 0.4671875, 0.407875]"
results/sweep_d3_best_iqm_rounds_sweep/20260608T203833Z,019ea8f5-df66-7b92-bf18-4080bea4abc3,memory_z,3,2000,0.507,0.494,"[0.48774999999999996, 0.482875, 0.46599999999999997]","[0.141375, 0.40099999999999997, 0.4845]","[0.141375, 0.412375, 0.4768125, 0.39025]"
results/sweep_d3_best_iqm_rounds_sweep/20260608T203833Z,019ea8f5-df66-7b92-bf18-4080bea4abc3,memory_x,5,2000,0.486,0.4785,"[0.11275, 0.385125, 0.43475, 0.48875, 0.471875]","[0.4625, 0.453125, 0.480375, 0.474, 0.499125]","[0.11275, 0.428125, 0.4608125, 0.5059375, 0.49825, 0.40625]"
results/sweep_d3_best_iqm_rounds_sweep/20260608T203833Z,019ea8f5-df66-7b92-bf18-4080bea4abc3,memory_z,5,2000,0.511,0.497,"[0.47725, 0.483875, 0.49, 0.49399999999999994, 0.467625]","[0.135375, 0.415125, 0.48350000000000004, 0.48912500000000003, 0.481125]","[0.135375, 0.4165625, 0.4625, 0.5068125, 0.4958125, 0.399]"
results/sweep_d3_best_iqm_rounds_sweep/20260608T203833Z,019ea8f5-df66-7b92-bf18-4080bea4abc3,memory_x,7,2000,0.51,0.4935,"[0.107875, 0.39025, 0.430875, 0.49675, 0.48375, 0.47975, 0.468125]","[0.48062499999999997, 0.46425, 0.476125, 0.473, 0.489125, 0.473, 0.49424999999999997]","[0.107875, 0.439125, 0.46925, 0.5075, 0.4973125, 0.4993125, 0.4914375, 0.4115]"
results/sweep_d3_best_iqm_rounds_sweep/20260608T203833Z,019ea8f5-df66-7b92-bf18-4080bea4abc3,memory_z,7,2000,0.492,0.486,"[0.491, 0.481, 0.48124999999999996, 0.48225000000000007, 0.490375, 0.493, 0.47325]","[0.15025, 0.4105, 0.482875, 0.47762499999999997, 0.49150000000000005, 0.486375, 0.486625]","[0.15025, 0.413875, 0.4613125, 0.5075, 0.50525, 0.49425, 0.4935, 0.4175]"
results/sweep_d3_best_combined_iqm_rounds_sweep/20260608T204021Z,019ea8f7-5112-7b60-a001-7003aba9fb4d,memory_x,1,2000,0.1215,0.0,[0.113875],[0.5005],"[0.113875, 0.129375]"
results/sweep_d3_best_combined_iqm_rounds_sweep/20260608T204021Z,019ea8f7-5112-7b60-a001-7003aba9fb4d,memory_z,1,2000,0.129,0.0,[0.497875],[0.15387499999999998],"[0.153875, 0.151375]"
results/sweep_d3_best_combined_iqm_rounds_sweep/20260608T204021Z,019ea8f7-5112-7b60-a001-7003aba9fb4d,memory_x,3,2000,0.494,0.46799431009957326,"[0.1, 0.405875, 0.43137500000000006]","[0.47450000000000003, 0.45599999999999996, 0.488375]","[0.1, 0.4444375, 0.4698125, 0.4235]"
results/sweep_d3_best_combined_iqm_rounds_sweep/20260608T204021Z,019ea8f7-5112-7b60-a001-7003aba9fb4d,memory_z,3,2000,0.505,0.5013440860215054,"[0.4917499999999999, 0.470875, 0.4648749999999999]","[0.14375, 0.410875, 0.49312500000000004]","[0.14375, 0.416125, 0.4825, 0.38075]"
results/sweep_d3_best_combined_iqm_rounds_sweep/20260608T204021Z,019ea8f7-5112-7b60-a001-7003aba9fb4d,memory_x,5,2000,0.5175,0.4807162534435262,"[0.10675, 0.400875, 0.445875, 0.487875, 0.46562499999999996]","[0.4775, 0.46662499999999996, 0.48512500000000003, 0.472375, 0.49087499999999995]","[0.10675, 0.444625, 0.48275, 0.50775, 0.50275, 0.41875]"
results/sweep_d3_best_combined_iqm_rounds_sweep/20260608T204021Z,019ea8f7-5112-7b60-a001-7003aba9fb4d,memory_z,5,2000,0.501,0.45694200351493847,"[0.486375, 0.485125, 0.48050000000000004, 0.485625, 0.47124999999999995]","[0.14987499999999998, 0.393375, 0.489125, 0.47875, 0.482]","[0.149875, 0.4045, 0.4695625, 0.498875, 0.4986875, 0.404875]"
results/sweep_d3_best_combined_iqm_rounds_sweep/20260608T204021Z,019ea8f7-5112-7b60-a001-7003aba9fb4d,memory_x,7,2000,0.477,0.43283582089552236,"[0.10875, 0.39237500000000003, 0.44262500000000005, 0.5001249999999999, 0.48287499999999994, 0.48175, 0.45125]","[0.47362499999999996, 0.461125, 0.47975, 0.46799999999999997, 0.48075, 0.473375, 0.491125]","[0.10875, 0.4431875, 0.4678125, 0.500625, 0.497125, 0.4945, 0.505, 0.41825]"
results/sweep_d3_best_combined_iqm_rounds_sweep/20260608T204021Z,019ea8f7-5112-7b60-a001-7003aba9fb4d,memory_z,7,2000,0.4915,0.43661971830985913,"[0.48787499999999995, 0.47650000000000003, 0.475125, 0.4927499999999999, 0.497, 0.48575, 0.464]","[0.146375, 0.416875, 0.48737499999999995, 0.480875, 0.47775, 0.47987499999999994, 0.478125]","[0.146375, 0.4226875, 0.4719375, 0.5048125, 0.4950625, 0.4988125, 0.493875, 0.402125]"
