rounds,basis,ler,uncertainty,ler_ci_low,ler_ci_high,logical_error_per_round,logical_error_per_round_uncertainty,logical_failures,shots,mean_detector_firing_rate,max_detector_firing_rate,mean_syndrome_weight,original_shots,kept_shots,postselection_fraction,selection_is_in_sample,memory_experiment,run_dir,notes
1,memory_z,0.0148,0.0008538430769175329,0.01397009250455344,0.015678425069567854,0.0148,0.0008538430769175329,296,20000,0.0715625,0.1125,0.5725,20000,20000,1.0,False,True,results\hw_d3_noreset_dd_sim_prediction_rounds_sweep\20261004T123646_271245Z\runs\hw_d3_noreset_dd_sim_prediction_rounds_1\20261004T123646_271245Z,memory_z: LER 0.0148 +/- 0.0008538430769175329; memory_x: LER 0.02655 +/- 0.001136773889126593
1,memory_x,0.02655,0.001136773889126593,0.02543667940937923,0.027710663223489126,0.02655,0.001136773889126593,531,20000,0.0935375,0.13075,0.7483,20000,20000,1.0,False,True,results\hw_d3_noreset_dd_sim_prediction_rounds_sweep\20261004T123646_271245Z\runs\hw_d3_noreset_dd_sim_prediction_rounds_1\20261004T123646_271245Z,memory_z: LER 0.0148 +/- 0.0008538430769175329; memory_x: LER 0.02655 +/- 0.001136773889126593
3,memory_z,0.0818,0.001937895250007079,0.07988294935180802,0.08375886855729649,0.02890552334487745,0.00072766758218917,1636,20000,0.1763583333333333,0.2863,4.2326,20000,20000,1.0,False,True,results\hw_d3_noreset_dd_sim_prediction_rounds_sweep\20261004T123646_271245Z\runs\hw_d3_noreset_dd_sim_prediction_rounds_3\20261004T123648_005214Z,memory_z: LER 0.0818 +/- 0.001937895250007079; memory_x: LER 0.127 +/- 0.0023544744636542565
3,memory_x,0.127,0.0023544744636542565,0.12466415960609674,0.12937313852899648,0.04652890096319706,0.0009541430944480633,2540,20000,0.1812,0.2863,4.3488,20000,20000,1.0,False,True,results\hw_d3_noreset_dd_sim_prediction_rounds_sweep\20261004T123646_271245Z\runs\hw_d3_noreset_dd_sim_prediction_rounds_3\20261004T123648_005214Z,memory_z: LER 0.0818 +/- 0.001937895250007079; memory_x: LER 0.127 +/- 0.0023544744636542565
5,memory_z,0.14775,0.0025091825112972554,0.14525843002773736,0.15027679321110066,0.03382797941589882,0.0006641366536867175,2955,20000,0.20030125000000001,0.2889,8.01205,20000,20000,1.0,False,True,results\hw_d3_noreset_dd_sim_prediction_rounds_sweep\20261004T123646_271245Z\runs\hw_d3_noreset_dd_sim_prediction_rounds_5\20261004T123650_017396Z,memory_z: LER 0.14775 +/- 0.0025091825112972554; memory_x: LER 0.21405 +/- 0.002900280999317135
5,memory_x,0.21405,0.002900280999317135,0.21116405305185135,0.21696454051847006,0.05286977968193801,0.0009070140109872072,4281,20000,0.20324749999999997,0.2889,8.1299,20000,20000,1.0,False,True,results\hw_d3_noreset_dd_sim_prediction_rounds_sweep\20261004T123646_271245Z\runs\hw_d3_noreset_dd_sim_prediction_rounds_5\20261004T123650_017396Z,memory_z: LER 0.14775 +/- 0.0025091825112972554; memory_x: LER 0.21405 +/- 0.002900280999317135
7,memory_z,0.202,0.0028389786895994837,0.1991759524401164,0.20485384606995807,0.035631954379206965,0.0006319899260059407,4040,20000,0.21018214285714285,0.2926,11.7702,20000,20000,1.0,False,True,results\hw_d3_noreset_dd_sim_prediction_rounds_sweep\20261004T123646_271245Z\runs\hw_d3_noreset_dd_sim_prediction_rounds_7\20261004T123652_264248Z,memory_z: LER 0.202 +/- 0.0028389786895994837; memory_x: LER 0.2817 +/- 0.0031807633517757965
7,memory_x,0.2817,0.0031807633517757965,0.2785302118922905,0.28489161701626403,0.05582573278438241,0.0009245554812913463,5634,20000,0.2121830357142857,0.2926,11.88225,20000,20000,1.0,False,True,results\hw_d3_noreset_dd_sim_prediction_rounds_sweep\20261004T123646_271245Z\runs\hw_d3_noreset_dd_sim_prediction_rounds_7\20261004T123652_264248Z,memory_z: LER 0.202 +/- 0.0028389786895994837; memory_x: LER 0.2817 +/- 0.0031807633517757965
9,memory_z,0.24625,0.003046399001280036,0.2432163376034386,0.24930903612787478,0.036296177284886766,0.0006185558237149669,4925,20000,0.21583055555555555,0.2926,15.5398,20000,20000,1.0,False,True,results\hw_d3_noreset_dd_sim_prediction_rounds_sweep\20261004T123646_271245Z\runs\hw_d3_noreset_dd_sim_prediction_rounds_9\20261004T123654_832878Z,memory_z: LER 0.24625 +/- 0.003046399001280036; memory_x: LER 0.3287 +/- 0.0033215682290147226
9,memory_x,0.3287,0.0033215682290147226,0.3253870683368352,0.3320300608067076,0.05610555433069858,0.0009563635517748286,6574,20000,0.2174159722222222,0.2926,15.65395,20000,20000,1.0,False,True,results\hw_d3_noreset_dd_sim_prediction_rounds_sweep\20261004T123646_271245Z\runs\hw_d3_noreset_dd_sim_prediction_rounds_9\20261004T123654_832878Z,memory_z: LER 0.24625 +/- 0.003046399001280036; memory_x: LER 0.3287 +/- 0.0033215682290147226
