label,basis,rounds,ler,uncertainty,logical_error_per_round,logical_error_per_round_uncertainty,mean_detector_firing_rate,max_detector_firing_rate,mean_syndrome_weight,original_shots,kept_shots,postselection_fraction,memory_experiment,logical_failures,shots,source_csv
hardware,memory_z,1,0.0355,0.004137617067830226,0.0355,0.004137617067830226,0.1099375,0.2815,0.8795,2000,2000,1.0,True,71,2000,results\hw_d3_noreset_dd_iqm_rounds_sweep\20261004T130313_769822Z\sweep_results.csv
hardware,memory_x,1,0.0395,0.00435544199823623,0.0395,0.00435544199823623,0.10312500000000001,0.2675,0.825,2000,2000,1.0,True,79,2000,results\hw_d3_noreset_dd_iqm_rounds_sweep\20261004T130313_769822Z\sweep_results.csv
hardware,memory_z,3,0.089,0.006367063687446514,0.031624743955076196,0.002418633483262042,0.14758333333333337,0.3175,3.542,2000,2000,1.0,True,178,2000,results\hw_d3_noreset_dd_iqm_rounds_sweep\20261004T130313_769822Z\sweep_results.csv
hardware,memory_x,3,0.1115,0.007038030619427568,0.04033262862142578,0.0027757640793772535,0.14479166666666668,0.286,3.475,2000,2000,1.0,True,223,2000,results\hw_d3_noreset_dd_iqm_rounds_sweep\20261004T130313_769822Z\sweep_results.csv
hardware,memory_z,5,0.154,0.008071059410015515,0.03549411219506904,0.0021670835935119074,0.1567625,0.296,6.2705,2000,2000,1.0,True,308,2000,results\hw_d3_noreset_dd_iqm_rounds_sweep\20261004T130313_769822Z\sweep_results.csv
hardware,memory_x,5,0.163,0.008259267522002178,0.03793615932791283,0.00226487173433505,0.1532125,0.293,6.1285,2000,2000,1.0,True,326,2000,results\hw_d3_noreset_dd_iqm_rounds_sweep\20261004T130313_769822Z\sweep_results.csv
hardware,memory_z,7,0.1885,0.008745505988792188,0.03268345856791044,0.0018743038806493884,0.16528571428571429,0.3065,9.256,2000,2000,1.0,True,377,2000,results\hw_d3_noreset_dd_iqm_rounds_sweep\20261004T130313_769822Z\sweep_results.csv
hardware,memory_x,7,0.229,0.009395717109406818,0.04188986245131515,0.002268989592703684,0.1661875,0.313,9.3065,2000,2000,1.0,True,458,2000,results\hw_d3_noreset_dd_iqm_rounds_sweep\20261004T130313_769822Z\sweep_results.csv
prediction,memory_z,1,0.0148,0.0008538430769175329,0.0148,0.0008538430769175329,0.0715625,0.1125,0.5725,20000,20000,1.0,True,296,20000,baselines\post_hackathon\hw_d3_noreset_dd_prediction_20261004\sweep_results.csv
prediction,memory_x,1,0.02655,0.001136773889126593,0.02655,0.001136773889126593,0.0935375,0.13075,0.7483,20000,20000,1.0,True,531,20000,baselines\post_hackathon\hw_d3_noreset_dd_prediction_20261004\sweep_results.csv
prediction,memory_z,3,0.0818,0.001937895250007079,0.02890552334487745,0.00072766758218917,0.1763583333333333,0.2863,4.2326,20000,20000,1.0,True,1636,20000,baselines\post_hackathon\hw_d3_noreset_dd_prediction_20261004\sweep_results.csv
prediction,memory_x,3,0.127,0.0023544744636542565,0.04652890096319706,0.0009541430944480633,0.1812,0.2863,4.3488,20000,20000,1.0,True,2540,20000,baselines\post_hackathon\hw_d3_noreset_dd_prediction_20261004\sweep_results.csv
prediction,memory_z,5,0.14775,0.0025091825112972554,0.03382797941589882,0.0006641366536867175,0.20030125000000001,0.2889,8.01205,20000,20000,1.0,True,2955,20000,baselines\post_hackathon\hw_d3_noreset_dd_prediction_20261004\sweep_results.csv
prediction,memory_x,5,0.21405,0.002900280999317135,0.05286977968193801,0.0009070140109872072,0.20324749999999997,0.2889,8.1299,20000,20000,1.0,True,4281,20000,baselines\post_hackathon\hw_d3_noreset_dd_prediction_20261004\sweep_results.csv
prediction,memory_z,7,0.202,0.0028389786895994837,0.035631954379206965,0.0006319899260059407,0.21018214285714285,0.2926,11.7702,20000,20000,1.0,True,4040,20000,baselines\post_hackathon\hw_d3_noreset_dd_prediction_20261004\sweep_results.csv
prediction,memory_x,7,0.2817,0.0031807633517757965,0.05582573278438241,0.0009245554812913463,0.2121830357142857,0.2926,11.88225,20000,20000,1.0,True,5634,20000,baselines\post_hackathon\hw_d3_noreset_dd_prediction_20261004\sweep_results.csv
prediction,memory_z,9,0.24625,0.003046399001280036,0.036296177284886766,0.0006185558237149669,0.21583055555555555,0.2926,15.5398,20000,20000,1.0,True,4925,20000,baselines\post_hackathon\hw_d3_noreset_dd_prediction_20261004\sweep_results.csv
prediction,memory_x,9,0.3287,0.0033215682290147226,0.05610555433069858,0.0009563635517748286,0.2174159722222222,0.2926,15.65395,20000,20000,1.0,True,6574,20000,baselines\post_hackathon\hw_d3_noreset_dd_prediction_20261004\sweep_results.csv
refit_r1_only,memory_z,1,0.02935,0.0011934943967191467,0.02935,0.0011934943967191467,0.10271250000000001,0.16675,0.8217,20000,20000,1.0,True,587,20000,results\hw_d3_noreset_dd_sim_refit_r1_rounds_sweep\20261004T180019_221108Z\sweep_results.csv
refit_r1_only,memory_x,1,0.0452,0.0014689615379580227,0.0452,0.0014689615379580227,0.12213125,0.18825,0.97705,20000,20000,1.0,True,904,20000,results\hw_d3_noreset_dd_sim_refit_r1_rounds_sweep\20261004T180019_221108Z\sweep_results.csv
refit_r1_only,memory_z,3,0.107,0.002185760737134785,0.038564659790772615,0.0008554599231176939,0.20058333333333334,0.3129,4.814,20000,20000,1.0,True,2140,20000,results\hw_d3_noreset_dd_sim_refit_r1_rounds_sweep\20261004T180019_221108Z\sweep_results.csv
refit_r1_only,memory_x,3,0.14885,0.0025168797895410103,0.05556229755597597,0.0010618408761606203,0.20421041666666664,0.3129,4.90105,20000,20000,1.0,True,2977,20000,results\hw_d3_noreset_dd_sim_refit_r1_rounds_sweep\20261004T180019_221108Z\sweep_results.csv
refit_r1_only,memory_z,5,0.1758,0.00269160138207722,0.04150077536798419,0.0007613184125236692,0.22400875,0.3174,8.96035,20000,20000,1.0,True,3516,20000,results\hw_d3_noreset_dd_sim_refit_r1_rounds_sweep\20261004T180019_221108Z\sweep_results.csv
refit_r1_only,memory_x,5,0.2396,0.0030182100655852303,0.06116202793843423,0.0010172850878934164,0.22617500000000001,0.3174,9.047,20000,20000,1.0,True,4792,20000,results\hw_d3_noreset_dd_sim_refit_r1_rounds_sweep\20261004T180019_221108Z\sweep_results.csv
refit_r1_only,memory_z,7,0.23095,0.0029800343748017403,0.04236223035937009,0.0007241225925806023,0.23410357142857144,0.3174,13.1098,20000,20000,1.0,True,4619,20000,results\hw_d3_noreset_dd_sim_refit_r1_rounds_sweep\20261004T180019_221108Z\sweep_results.csv
refit_r1_only,memory_x,7,0.30595,0.003258409101847096,0.06323516239904592,0.0010477112100752512,0.23573303571428572,0.3174,13.20105,20000,20000,1.0,True,6119,20000,results\hw_d3_noreset_dd_sim_refit_r1_rounds_sweep\20261004T180019_221108Z\sweep_results.csv
